,precision,recall,fbeta
0,0.7456993268511594,0.6346276257161044,0.6856946354883081
